condition,section,alpha_opt,delta_pitch
climb,mid_span,9.400000,-0.300000
climb,root,9.100000,0.450000
climb,tip,9.700000,0.300000
cruise,mid_span,9.700000,0.000000
cruise,root,8.650000,0.000000
cruise,tip,9.400000,0.000000
descent,mid_span,9.550000,-0.150000
descent,root,9.100000,0.450000
descent,tip,10.000000,0.600000
takeoff,mid_span,9.700000,0.000000
takeoff,root,9.700000,1.050000
takeoff,tip,9.400000,0.000000
